{
  "$schema": "https://json-schema.org/draft-07/schema#",
  "$id": "https://datascene.ca/modele/datatypes/text_short_multilingual.schema.json",
  "title": "Texte court multilingue",
  "description": "Énumération de textes associés à un code de langue au standard ISO 639-1 (ex: fr, en, etc.)",
  "type": "array",
  "uniqueItems": true,
  "items": {
    "type": "object",
    "properties": {
      "lang": {
        "$ref": "./partials/language.schema.json"
      },
      "value": {
        "title": "Texte court",
        "type": "string",
        "minLength": 1,
        "maxLength": 500,
        "$ref": "./partials/no_html.schema.json"
      }
    },
    "required": [
      "lang",
      "value"
    ],
    "additionalProperties": false
  }
}