{
  "$schema": "https://json-schema.org/draft-07/schema#",
  "$id": "https://datascene.ca/modele/datatypes/text_long_multilingual.shema.json",
  "title": "Texte long multilingue",
  "description": "Énumération de textes longs associés à un code de langue au standard ISO 639-1.",
  "type": "array",
  "uniqueItems": true,
  "items": {
    "type": "object",
    "properties": {
      "lang": {
        "$ref": "./partials/language.schema.json"
      },
      "value": {
        "type": "string",
        "title": "Texte long",
        "description": "Texte long avec formatage, incluant des paragraphes et des balises HTML autorisées b, i, u, sup et sub.",
        "maxLength": 6000,
        "$ref": "./partials/authorized_html.schema.json"
      }
    },
    "required": [
      "lang",
      "value"
    ],
    "additionalProperties": false
  }
}