{
  "$schema": "https://json-schema.org/draft-07/schema#",
  "$id": "https://datascene.ca/modele/identifier.schema.json",
  "title": "identifier",
  "description": "Classe permettant d’énumérer des identifiants uniques associés à un objet donné, dans plusieurs systèmes d’information à la fois.",
  "type": "array",
  "items": {
    "anyOf": [
      {
        "type": "object",
        "required": [
          "type",
          "propertyID",
          "value"
        ],
        "properties": {
          "type":{
            "const": "PropertyValue"
            },
          "propertyID": {
            "name": "système d'identification",
            "description": "Système d'identification utilisé. Dans la mesure du possible, il est suggéré d'utiliser des URI comme identifiants, lorsque ce n'est pas possible, [l'approche préconisée par Schema.org](https://schema.org/docs/datamodel.html#identifierBg) est utilisée: propertyID doit correspondre à l'identification dont l'usage est le plus fréquent pour le système d'identification, tout en minuscules. Il est entendu que les types d'identifiants seront différents selon la classe décrite. Par exemple, le type d'identifiant ISNI s'applique bien aux contributeurs mais pas aux spectacles.",
            "type": "string",
            "minLength": 1
          },
          "value": {
            "description": "L'identifiant lui-même",
            "type": "string",
            "minLength": 1
          }
        }
      },
      {
        "type": "string",
        "format": "uri",
        "description": "Un identifiant URI sous forme de chaîne de caractères."
      }
    ]
  },
  "minItems": 1,
  "uniqueItems": true,
  "examples": [
    {
      "type": "PropertyValue",
      "propertyID": "isni",
      "valeur": "000000012124423X"
    },
    "https://isni.org/isni/000000012124423X"
  ]
}