{
  "$schema": "https://json-schema.org/draft-07/schema#",
  "$id": "https://datascene.ca/modele/geographic_relation.schema.json",
  "title": "Association Géographique (GeographicRelation)",
  "description": "Permet d'associer des lieux au contributeur, par exemple pour indiquer le lieu de naissance, de décès, le lieu du siège social, etc.",
  "required": [
    "type"
  ],
  "type": "object",
  "additionalProperties": false,
  "properties": {
    "type": {
      "const": "GeographicRelation"
    },
    "relationType": {
      "$ref": "term.schema.json"
    },
    "addressCountry": {
      "$ref": "./datatypes/country_code.schema.json"
    },
    "addressRegion": {
      "$ref": "./datatypes/text_short.schema.json"
    },
    "addressLocality": {
      "$ref": "./datatypes/text_short.schema.json"
    }
  }
}