{
  "$schema": "https://json-schema.org/draft-07/schema#",
  "$id": "https://datascene.ca/media.schema.json",
  "title": "Média",
  "description": "Cette classe permet de décrire des éléments médias (images, vidéos, documents…) associés à un objet.",
  "required": [
    "type",
    "url"
  ],
  "type": "object",
  "properties": {
    "type": {
      "const": "Media"
    },
    "sequenceNumber": {
      "type": "integer",
      "description": "Priorité d'utilisation du média (les nombres plus petits représentant un niveau de priorité plus élevé)."
    },
    "usageNote": {
      "description": "Texte libre permettant d'identifier les usages possibles du média (à l'intention des opérateurs des systèmes, pas du grand public, et donc pas pour publication).",
      "$ref": "./datatypes/text_short.schema.json"
    },
    "url": {
      "description": "URL permettant d'obtenir le média. Il est suggéré de rendre disponibles les médias dans les formats standards du web, en haute résolution lorsque possible",
      "type": "string",
      "format": "uri"
    },
    "inLanguage": {
      "description": "Langue au format ISO 639-1.",
      "$ref": "./datatypes/partials/language.schema.json"
    },
    "license": {
      "description": "Licence d'utilisation du média. Une valeur vide ou non définie correspond à un média libre de droits. Si des conditions s'appliquent, elles doivent être définies dans cette propriété, ou sur le web à une URL intégrée dans cette propriété.",
      "type": "array",
      "items": {
        "$ref": "./datatypes/text_short_multilingual.schema.json"
      }
    },
    "creditText": {
      "description": "Crédits associés au média.",
      "type": "array",
      "items": {
        "$ref": "./datatypes/text_short_multilingual.schema.json"
      }
    },
    "copyrightHolder": {
      "description": "Personne ou organisation détenant les droits d'auteur du média.",
      "$ref": "./datatypes/text_short_multilingual.schema.json"
    },
    "description": {
      "description": "Description courte (pouvant par exemple servir de «alt description» sur le web).",
      "type": "array",
      "items": {
        "$ref": "./datatypes/text_long_multilingual.schema.json"
      }
    }
  }
}