{
  "$schema": "https://json-schema.org/draft-07/schema#",
  "$id": "https://datascene.ca/modele/place.schema.json",
  "title": "Lieu (Place)",
  "description": "Sert à décrire un lieu, typiquement associé à une représentation. La classe est générique et les lieux peuvent correspondre à des édifices ou à des lieux extérieurs. Il s’agit du lieu associé à une adresse, ou à des indications géographiques précises, qui serait présenté à un consommateur comme l’endroit où se présenter pour assister à une représentation.",
  "required": [
    "type",
    "identifier",
    "name",
    "virtualPlace"
  ],
  "if": {
    "properties": {
      "virtualPlace": {
        "const": false
      }
    }
  },
  "then": {
    "required": [
      "type",
      "address"
    ]
  },
  "type": "object",
  "properties": {
    "type": {
      "const": "Place"
    },
    "additionalType": {
      "description": "Identification du type de lieu. Ne pas confondre avec les caractéristiques de la salle, qui doivent être documentées dans un objet de la classe Salle.",
      "$ref": "./term.schema.json"
    },
    "identifier": {
      "$ref": "./identifier.schema.json"
    },
    "name": {
      "$ref": "./datatypes/text_short_multilingual.schema.json"
    },
    "description": {
      "$ref": "./datatypes/text_long_multilingual.schema.json",
      "minItems": 1
    },
    "virtualPlace": {
      "type": "boolean"
    },
    "inRoom": {
      "type": "array",
      "items": {
        "$ref": "./room.schema.json"
      },
      "description": "Énumération des salles présentes dans le lieu. Recommandé pour les lieux contenant plusieurs salles, ou pour documenter des informations associés à la classe Salle (par exemple, les configurations possibles) dans un lieu avec une seule salle."
    },
    "address": {
      "description": "Coordonnées complètes du lieu.",
      "$ref": "./postal_address.schema.json"
    },
    "mainEntityOfPage": {
      "description": "URL vers des pages web donnant plus d'information sur le lieu.",
      "type": "array",
      "items": {
        "$ref": "./web_page.schema.json"
      }
    },
    "placeAccessibility": {
      "description": "Caractéristiques d'accessibilité universelle pour le lieu. Des caractéristiques supplémentaires pourraient être documentées pour la ou les salles.",
      "type": "array",
      "items": {
        "$ref": "./term.schema.json"
      }
    },
    "geoCoordinates": {
      "$ref": "./datatypes/geo_coordinates.schema.json"
    }
  }
}