{
  "$schema": "https://json-schema.org/draft-07/schema#",
  "$id": "https://datascene.ca/modele/room_specification.schema.json",
  "title": "Configuration de salle",
  "description": "Précisions sur un configuration possible de la salle.",
  "required": [
    "type",
    "layout"
  ],
  "type": "object",
  "properties": {
    "type": {
      "const": "RoomConfiguration"
    },
    "layout": {
      "$ref": "./term.schema.json"
    },
    "capacity": {
      "description": "Capacité, en nombre de spectacteurs.",
      "type": "integer"
    }
  }
}