{
  "$schema": "https://json-schema.org/draft-07/schema#",
  "$id": "https://datascene.ca/modele/room.schema.json",
  "title": "Salle (Room)",
  "description": "Certains lieux contiennent plusieurs salles. Cette classe permet de préciser et décrire la salle utilisée dans le contexte d’une représentation donnée.",
  "required": [
    "type",
    "identifier",
    "nameSameAsPlace"
  ],
  "allOf": [
    {
      "if": {
        "properties": {
          "nameSameAsPlace": {
            "const": false
          }
        }
      },
      "then": {
        "required": [
          "name"
        ]
      }
    }
  ],
  "type": "object",
  "properties": {
    "type": {
      "const": "Room"
    },
    "identifier": {
      "$ref": "./identifier.schema.json"
    },
    "name": {
      "description": "Nom de la salle, écrit au long, de la façon dont il doit être affiché à des utilisateurs, avec la capitalisation d'usage, les accents et les espacements usuels.",
      "$ref": "./datatypes/text_short_multilingual.schema.json"
    },
    "nameSameAsPlace": {
      "type": "boolean"
    },
    "description": {
      "$ref": "./datatypes/text_long_multilingual.schema.json"
    },
    "shortDescription": {
      "description": "Description résumée de la salle. La fourchette de 200 à 400 caractères est suggérée pour les différents besoins d'affichage en version courte.",
      "$ref": "./datatypes/text_long_multilingual.schema.json"
    },
    "media": {
      "description": "Éléments médiatiques (photo, audio, audiovidéo, articles, documents...) associé au lieux.",
      "type": "array",
      "items": {
        "$ref": "./media.schema.json"
      }
    },
    "inPlace": {
      "description": "Lieu associé à l'offre (physique ou virtuel).",
      "$ref": "./place.schema.json"
    },
    "address": {
      "description": "Coordonnées complètes de la salle, lorsque les coordonnées de la salle sont différentes ou plus précises que celles du lieu.",
      "$ref": "./postal_address.schema.json"
    },
    "roomAccessibility": {
      "description": "Caractéristiques d'accessibilité universelle pour la salle. ",
      "type": "array",
      "items": {
        "$ref": "./term.schema.json"
      }
    },
    "roomConfiguration": {
      "description": "Précisions sur les configurations possibles de la salle.",
      "type": "array",
      "items": {
        "$ref": "./room_specification.schema.json"
      }
    }
  }
}