{
  "$schema": "https://json-schema.org/draft-07/schema#",
  "$id": "https://datascene.ca/modele/show.schema.json",
  "title": "Spectacle (Show)",
  "description": "la classe centrale du référentiel. Elle permet de documenter ce qui relève du spectacle au sens d'œuvre mise en scène. Par contraste, cela exclut donc les éléments descriptifs des représentations.",
  "required": [
    "@context",
    "type",
    "identifier",
    "name",
    "description",
    "discipline",
    "audience",
    "showWithoutWords"
  ],
  "allOf": [
    {
      "if": {
        "properties": {
          "showWithoutWords": {
            "const": false
          }
        }
      },
      "then": {
        "required": [
          "inLanguage"
        ]
      }
    }
  ],
  "type": "object",
  "additionalProperties": false,
  "properties": {
    "@context": {
      "const": "https://datascence.ca/context.jsonld"
    },
    "type": {
      "const": "Show"
    },
    "identifier": {
      "$ref": "./identifier.schema.json"
    },
    "name": {
      "description": "Nom du spectacle",
      "examples": [
        "Une Carmen pour tout le Québec"
      ],
      "$ref": "./datatypes/text_short_multilingual.schema.json"
    },
    "alternateName": {
      "description": "Élément qui ne fait pas partie du nom, mais qui le complète, sans toutefois relever de la description elle-même.",
      "examples": ["Carmen au grand écran"],
      "$ref": "./datatypes/text_short_multilingual.schema.json"
    },
    "description": {
      "description": "Description du spectacle",
      "$ref": "./datatypes/text_long_multilingual.schema.json"
    },
    "shortDescription": {
      "description": "Description résumée du spectacle. La fourchette de 200 à 400 caractères est suggérée pour les différents besoins d'affichage.",
      "$ref": "./datatypes/text_long_multilingual.schema.json"
    },
    "media": {
      "description": "Éléments médiatiques (photo, audio, audiovidéo, articles, documents...) associé au spectacle.",
      "type": "array",
      "items": {
        "$ref": "./media.schema.json"
      }
    },
    "hasContribution": {
      "description": "Énumération des contributions. Il peut s'agir de contribution à la création (ex: auteur.trice, metteur.se en scène), de contributions à l'exécution (ex: comédien.en, musicien.ne).\n\nLe contributeur peut être une personne ou une organisation.\n\nIl s'agit de contributeurs qui sont associés à toutes les représentations du spectacle. Pour les contributions spécifiques à une représentation, utiliser le champ correspondant dans la classe Représentation.\n\nSi un même contributeur a plusieurs contributions pour un même spectacle, il est suggéré de répéter plusieurs objets de la classe Contribution.",
      "type": "array",
      "items": {
        "$ref": "./contribution.schema.json"
      }
    },
    "mainEntityOfPage": {
      "description": "Vers des pages web donnant plus d'information sur le spectacle.\n\nPour des besoins plus précis, par exemple des URL de critiques du spectacle, la propriété Médias, qui permet d'inclure des notes d'usage, peut être utilisée.",
      "type": "array",
      "items": {
        "$ref": "./web_page.schema.json"
      }
    },
    "hasRelatedWork": {
      "description": "Énumérations d'oeuvres, de la même discipline ou pas, qui sont associées au spectacle. Il peut s'agir du texte d'une pièce de théâtre, d'un album musical associé à un spectacle, etc. Il doit s'agir d'associations avec des oeuvres qui ne peuvent pas être identifiées aisément à travers d'autres propriétés.\n\nExemple 1: les données d'une pièce de théâtre peuvent pointer vers le texte de la pièce, disponible en librairie.\n\nExemple 2: les données d'un spectacle musical peuvent énumérer des enregistrements des pièces jouées lors du spectacle.\n\nContre exemple: il n'est pas utile que les données d'un spectacle d'humour énumère les autres spectacles du même humoriste, car il est possible d'obtenir cette information à travers les contributeurs.",
      "type": "array",
      "items": {
        "$ref": "#/definitions/WorkRelation"
      }
    },
    "discipline": {
      "description": "Identification des disciplines artistiques du spectacle.",
      "type": "array",
      "items": {
        "$ref": "./term.schema.json"
      }
    },
    "audience": {
      "description": "Identification des publics cibles du spectacle.\n\nLorsque le vocabulaire utilisé contient un terme équivalent à « tout public », il est préférable de l'utiliser, que d'énumérer tous les types de publics.",
      "type": "array",
      "items": {
        "$ref": "./term.schema.json"
      }
    },
    "inLanguage": {
      "description": "Langues utilisées dans le spectacle, en ordre décroissant d'importance. La langue principale doit donc être mentionnée en premier.",
      "type": "array",
      "items": {
        "$ref": "./datatypes/partials/language.schema.json"
      }
    },
    "supportMaterialLanguage": {
      "description": "Langues pour lesquelles des artéfacts d'aide à la compréhension du spectacle sont disponibles (surtitrage, programmes, traduction simultannée...)",
      "type": "array",
      "items": {
        "$ref": "./datatypes/partials/language.schema.json"
      }
    },
    "showWithoutWords": {
      "description": "Indication à l'effet que le spectacle ne contient pas de paroles.",
      "type": "boolean"
    },
    "contentType": {
      "description": "Permet d'identifier certains type de contenus qui sont présents dans le spectacle.",
      "type": "array",
      "items": {
        "$ref": "./term.schema.json"
      }
    },
    "contentWarning": {
      "description": "Permet d'identifier des avertissements associés au spectacle.",
      "type": "array",
      "items": {
        "$ref": "./term.schema.json"
      }
    },
    "hasPerformance": {
      "description": "Énumération des représentations du spectacle, qu'elles soient passées ou futures.",
      "type": "array",
      "items": {
        "$ref": "./performance.schema.json"
      }
    }
  },
  "definitions": {
    "WorkRelation": {
      "$id": "https://datascene.ca/modele/WorkRelation",
      "title": "Oeuvre Associée",
      "description": "Objets d'association à une oeuvre.",
      "required": [
        "type",
        "work"
      ],
      "type": "object",
      "properties": {
        "type": {
          "const": "WorkRelation"
        },
        "work": {
          "description": "Identification de l'oeuvre.",
          "$ref": "./work.schema.json"
        },
        "usageNote": {
          "description": "Notes sur le lien entre l'oeuvre et le spectacle",
          "$ref": "./datatypes/text_short_multilingual.schema.json"
        }
      }
    }
  }
}