{
  "$schema": "https://json-schema.org/draft-07/schema#",
  "$id": "https://datascene.ca/modele/term.schema.json",
  "title": "Term",
  "description": "Permet d’identifier un terme précis, dans une version donnée d’un vocabulaire contrôlé.",
  "required": [
    "type",
    "vocabulary",
    "code",
    "sequenceNumber"
  ],
  "type": "object",
  "properties": {
    "type": {
      "const": "Term"
    },
    "vocabulary": {
      "name": "Vocabulaire",
      "description": "Identification du vocabulaire duquel est tiré le term.\n\nTypiquement, cette identification correspond à l'appellation du vocabulaire dont l'usage est le plus fréquent, tout en minuscules, sans accents, et avec les espaces remplacés par des barres de soulignement.",
      "$ref": "./datatypes/text_short.schema.json"
    },
    "version": {
      "description": "Version du vocabulaire utilisé, lorsque c'est applicable",
      "$ref": "./datatypes/text_short.schema.json"
    },
    "code": {
      "description": "Identification du terme selon le vocabulaire identifié. En cas d'incohérence entre l'étiquette et le code transmis, c'est ce dernier qui doit être priorisé.",
      "$ref": "./datatypes/text_short.schema.json"
    },
    "label": {
      "description": "Version textuelle du terme tiré du vocabulaire choisi",
      "$ref": "./datatypes/text_short_multilingual.schema.json"
    },
    "sequenceNumber": {
      "description": "Priorité d'utilisation du terme (les nombres plus petits représentant un niveau de priorité plus élevé).",
      "type": "integer"
    }
  },
  "examples": [
    {
      "type": "Term",
      "vocabulary": "datascene",
      "code": "ToutPublics",
      "version": "1.0",
      "sequenceNumber": 1
    }
  ]
}