{
  "$schema": "https://json-schema.org/draft-07/schema#",
  "$id": "https://datascene.ca/modele/web_page.schema.json",
  "title": "WebPage",
  "description": "",
  "required": [
    "type",
    "url"
  ],
  "type": "object",
  "properties": {
    "type": {
      "const": "WebPage"
    },
    "url": {
      "description": "",
      "type": "string",
      "format": "uri"
    },
    "inLanguage": {
      "description": "Langue de la page Web, au format ISO 639-1.",
      "$ref": "./datatypes/partials/language.schema.json"
    }
  }
}